артикул,остаток СПб,цена+12%
010109,2,нет цены
010351,40,нет цены
010388,7,нет цены
010389,46,нет цены
010761,7,нет цены
010909,90,нет цены
010914,918,нет цены
010915,414,нет цены
010916,4040,нет цены
010917,1159,нет цены
010918,90,нет цены
010919,1076,нет цены
010920,90,нет цены
011062,14,нет цены
011064,110,нет цены
011160,2,нет цены
011267,731,нет цены
011396,248,нет цены
011397,234,нет цены
011437,6,нет цены
011438,2,нет цены
011443,76,нет цены
011444,2,нет цены
011535,342,нет цены
011537,120,нет цены
011542,4,нет цены
011543,351,нет цены
011553,2604,нет цены
011696,8,нет цены
011778,6,нет цены
011779,6,нет цены
011852,1,нет цены
012004,280,нет цены
012008,65,нет цены
012088,10,нет цены
020083,1,нет цены
020409,1,нет цены
020753,2,нет цены
021093,6,нет цены
021146,24,нет цены
021198,3,нет цены
021226,6,нет цены
021315,6,нет цены
021379,13,нет цены
021384,2,нет цены
021399,571,нет цены
021402,1,нет цены
021464,1,нет цены
021519,2,нет цены
021522,764,нет цены
021528,10,нет цены
021564,13,нет цены
021570,804,нет цены
021576,1,нет цены
021653,5,нет цены
021659,2,нет цены
021690,2,нет цены
021941,14,нет цены
021992,10,нет цены
022033,2,нет цены
022099,5,нет цены
022148,8,нет цены
022207,4,нет цены
022236,2,нет цены
022239,2,нет цены
022321,1,нет цены
022426,2,нет цены
022489,67,нет цены
022750,1,нет цены
022774,7,нет цены
022776,1,нет цены
023252,1,нет цены
023266,1,нет цены
023322,1,нет цены
023365,37,нет цены
023439,4,нет цены
023444,1,нет цены
023477,1,нет цены
023478,1,нет цены
023481,2,нет цены
023482,2,нет цены
023511,1,нет цены
023734,50,нет цены
023735,460,нет цены
023767,10,нет цены
023773,2,нет цены
023774,4,нет цены
023829,14,нет цены
023834,4,нет цены
023835,5,нет цены
023836,6,нет цены
023837,6,нет цены
023908,8,нет цены
024275,4,нет цены
025775,17,нет цены
025921,2,нет цены
026033,3,нет цены
026039,1,нет цены
026148,2,нет цены
026274,2,нет цены
026353,2,нет цены
026395,100,нет цены
026644,2,нет цены
028276,1,нет цены
029155,2,нет цены
030524,1,нет цены
030530,5,нет цены
033860,20,нет цены
033914,1,нет цены
033935,1,нет цены
034042,2,нет цены
034092,6,нет цены
034146,90,нет цены
034224,4,нет цены
034376,2,нет цены
034489,609,нет цены
034554,4,нет цены
034637,249,нет цены
034638,172,нет цены
034639,213,нет цены
035308,12,нет цены
035355,4,нет цены
035475,2,нет цены
035688,289,нет цены
035731,3,нет цены
036222,296,нет цены
036340,1,нет цены
036363,1,нет цены
036612,4,нет цены
036900,1,нет цены
036908,1,нет цены
036927,2,нет цены
036983,1,нет цены
036990,4,нет цены
037006,2,нет цены
037058,2,нет цены
037074,2,нет цены
037395,2,нет цены
037396,2,нет цены
037583,4,нет цены
037875,5,нет цены
038046,1,нет цены
038156,2,нет цены
038157,2,нет цены
038169,4,нет цены
038173,1,нет цены
038175,12,нет цены
038179,20,нет цены
038300,1,нет цены
038331,11,нет цены
038769,1,нет цены
038867,4,нет цены
039033,4,нет цены
039132,4,нет цены
039133,2,нет цены
039353,8,нет цены
039585,1,нет цены
040395,1,нет цены
040501,2,нет цены
040785,2,нет цены
040811,3,нет цены
040813,12,нет цены
040814,6,нет цены
040939,11,нет цены
040985,6,нет цены
041067,184,нет цены
041073,42,нет цены
041074,98,нет цены
041077,60,нет цены
041095,2,нет цены
041124,24,нет цены
041125,27,нет цены
041126,60,нет цены
041204,2,нет цены
041299,1,нет цены
041300,1,нет цены
041301,1,нет цены
041302,1,нет цены
041625,22,нет цены
041643,324,нет цены
042220,20,нет цены
042348,2,нет цены
042368,22,нет цены
042369,2,нет цены
042388,180,нет цены
042389,175,нет цены
042464,6,нет цены
042465,3,нет цены
042491,2,нет цены
042498,12,нет цены
042680,100,нет цены
042844,9,нет цены
042936,14,нет цены
042983,8,нет цены
042984,20,нет цены
043131,4,нет цены
043132,2,нет цены
043137,4,нет цены
043143,22,нет цены
043144,2,нет цены
043145,4,нет цены
043148,24,нет цены
043149,16,нет цены
043150,12,нет цены
043251,76,нет цены
043253,84,нет цены
043254,78,нет цены
043255,2,нет цены
043692,94,нет цены
043869,3198,нет цены
043870,2,нет цены
044913,135,нет цены
07201504,4,нет цены
132204,1,нет цены
141453601,1,нет цены
15726920,1,нет цены
164515,1,нет цены
264639,2,нет цены
265643,2,нет цены
271255,12,нет цены
271262,1,нет цены
271279,1,нет цены
271552,1,нет цены
277646,2,нет цены
278193,2,нет цены
283067,9,нет цены
328F012,6,нет цены
3360009SV,15,нет цены
3513656BLS,1,нет цены
362823,590,нет цены
368368,10,нет цены
374123,2,нет цены
375076,48,нет цены
382456,1,нет цены
382913,17,нет цены
387949,6,нет цены
3910015G6,1,нет цены
3911515G6,2,нет цены
442365,11,нет цены
492148,2,нет цены
492940,2,нет цены
511001246,4,нет цены
511001248,4,нет цены
511001249,2,нет цены
511172203,5,нет цены
513096,5,нет цены
517285,1,нет цены
518001245,4,нет цены
518001248,4,нет цены
51900150210ARM,1,нет цены
521916,2,нет цены
54225042201,2,нет цены
54471176,270,нет цены
54510110,136,нет цены
54510120,100,нет цены
556659,1,нет цены
575940,1,нет цены
576039,1,нет цены
577463,10,нет цены
579177,65,нет цены
580784,1,нет цены
600512,1,нет цены
601953,1,нет цены
602998,4,нет цены
7965016S,2,нет цены
B80T022,2,нет цены
G44A2601,40,нет цены
K14S284,18,нет цены
R00188,1,нет цены
R00295,1,нет цены
R00333,17,нет цены
R00507,9,нет цены
R00508,1,нет цены
R00603,1,нет цены
R01120,21,нет цены
010084,28,8097.08
010126,2,25056.64
010137,13,136640.0
010168,2,7317.33
010345,70,2690.96
010347,50,3810.08
010348,166,3810.08
010349,30,5297.31
010352,20,6965.32
010404,9,85112.56
010508,4,86933.91
010546,10,213639.44
010641,22,182976.64
010642,14,237303.23
010732,2,31135.51
010835,4,134649.96
010855,29,257600.0
010893,84,6965.32
010935,4,144641.03
011063,2,263831.68
011074,2,15568.0
011264,6,87609.58
011508,6,208003.8
011554,160,5297.31
011555,250,3228.42
011732,2,29671.06
011746,7,20555.36
011748,75,31815.84
011752,8,31815.84
011856,1,168346.93
012048,437,446.88
020005,5,60022.23
020030,15,62915.33
020057,30,182976.64
020074,1,46752.74
020111,28,6965.32
020143,3,149228.08
020150,18,16723.73
020156,6,30303.8
020320,2,188473.31
020435,2,152980.26
020505,69,1161.79
020668,12,109984.96
020689,1,152980.26
020793,5,14318.08
020821,8,22432.01
020822,6,70258.61
020898,15,11867.16
021071,12,145470.64
021147,24,5082.92
021148,24,12319.87
021177,18,182976.64
021186,2,160645.7
021382,2,54659.27
021385,2,102267.94
021396,16,360.06
021596,4,114985.76
021801,2,106986.59
021821,2,7968.8
021892,142,859.34
021912,4,114985.76
021918,34,341600.0
021926,5,9945.6
021927,9,12539.52
021928,7,5861.18
021929,21,7324.8
021931,2,7271.04
021952,3,9527.62
021953,6,11953.54
021972,9,132649.64
022014,11,22193.02
022074,1,83701.81
022075,18,101603.62
022202,26,109434.35
022203,8,154645.79
022204,2,179214.99
022274,18,109984.96
022382,2,85489.47
022383,6,106305.43
022384,2,174114.17
022385,40,179708.75
022388,8,160462.51
022406,10,6869.33
022407,19,10438.4
022408,7,31210.67
022419,4,126275.99
022488,8,93322.3
022499,4,250313.09
022506,2,29314.16
022507,1,11188.8
022508,10,117227.17
022509,3,151701.11
022512,18,393547.81
022540,8,175710.21
022541,2,35738.35
022544,2,56980.69
022549,4,21351.84
022551,10,32859.99
022552,5,6585.26
022562,2,14609.71
022563,2,17386.99
022564,1,19724.21
022572,2,15416.15
022573,5,17532.28
022647,12,287860.06
022649,4,53984.0
022653,8,12739.09
022654,2,12204.06
022657,24,14404.62
022658,32,16309.66
022659,9,4085.7
022663,43,4289.11
022665,9,5541.94
022669,8,5485.93
022670,11,4960.48
022675,7,5485.93
022676,1,5800.61
022679,23,3142.4
022681,17,3748.18
022682,13,12471.57
022683,1,9174.41
022685,1,9804.51
022686,4,6964.27
022688,7,7626.06
022691,3,5120.39
022692,28,7626.06
022693,4,12197.43
022695,17,3286.84
022698,22,2557.25
022705,4,3382.65
022715,10,10834.05
022770,8,10511.16
022771,16,67214.96
022832,1,59311.59
022833,1,59311.59
022846,8,28447.71
022848,2,17322.67
022850,4,50624.0
022852,20,5279.79
022853,25,9463.62
022854,24,12723.09
022856,9,18908.29
022858,20,24493.39
022859,1,48989.94
022860,30,54934.05
023049,6,160979.44
023054,5,156331.32
023058,6,64481.89
023070,4,79187.4
023075,1,194423.73
023079,4,76595.41
023087,22,10022.66
023088,38,9205.37
023092,29,20832.0
023116,12,278020.27
023117,2,412374.39
023119,8,376992.0
023126,4,9557.33
023182,2,32397.81
023296,4,14933.33
023297,1,34272.0
023298,13,43157.33
023317,2,340772.41
023318,3,61363.5
023321,2,111683.13
023342,4,323321.07
023393,14,56630.11
023401,12,50624.0
023402,2,44650.67
023500,1,485952.48
023573,1,7082.19
023592,3,18197.76
023594,2,15085.06
023597,8,10348.8
023598,1,11777.47
023628,2,37335.45
023629,24,106986.59
023653,8,77669.27
023654,3,99788.6
023655,1,120681.41
023674,11,8806.67
023678,3,6614.96
023689,1,20884.39
023717,6,106305.43
023720,4,209924.11
023722,15,142112.21
023723,17,142112.21
023724,2,142112.21
023748,149,1265.6
023758,1,15081.36
023759,2,25493.55
023766,2,211849.68
023768,3,110557.69
023769,5,149717.64
023770,2,110557.69
023782,2,103039.64
023793,4,28494.03
023794,8,35795.2
023817,8,11061.03
023833,3,174114.17
023844,10,8766.14
023868,5,21974.04
023914,8,8945.07
023923,3,52861.09
023927,1,45199.86
023928,19,44500.8
023929,14,102081.59
023931,1,110453.46
023933,1,92337.93
023935,15,118781.11
023951,4,423700.41
023983,1,72730.58
023988,2,518054.45
024052,14,125650.63
024062,8,8497.15
024064,10,117270.34
024065,2,182335.48
024123,2,9884.11
024124,12,11765.57
024126,38,7606.17
024340,12,4937.63
024342,1,6863.3
024343,3,7377.71
024345,3,6244.26
024347,22,2440.39
024390,24,422751.0
024396,5,220616.35
024520,2,28821.45
024547,1,6863.3
024548,9,7189.78
024549,7,6863.3
024551,24,9478.04
024552,20,9042.5
024553,8,16763.63
024554,3,18454.96
024555,41,17079.05
024556,2,7080.71
024557,11,7516.99
024558,5,7080.71
024559,1,8064.45
024561,9,10022.66
024563,1,8038.03
024564,16,8675.07
024568,1,100942.46
024596,4,186409.82
025576,12,95916.4
025683,24,4462.29
025684,2,312891.36
025737,1,19908.45
025738,22,26326.32
025745,101,365.66
025772,20,53984.0
025773,6,109434.35
025809,1,100980.36
025819,12,104961.0
025892,2,137336.71
025901,2,220588.97
025926,6,7315.81
025936,13,10920.69
026021,2,90069.15
026061,3,20458.67
026065,6,37184.0
026066,2,58090.67
026125,50,784.93
026139,2,20458.67
026140,2,29121.5
026172,1,337501.36
026191,1,60319.12
026282,1,68320.0
026283,62,176960.0
026284,12,210784.0
026297,3,286362.65
026320,6,5549.31
026322,4,9632.0
026326,2,12693.33
026328,7,26581.33
026335,2,58090.67
026336,2,87957.33
026339,1,11648.0
026344,2,23729.07
026345,31,26326.32
026346,6,35825.07
026351,6,35825.07
026361,1,43157.33
026420,4,75652.1
026435,42,63840.0
026450,13,89542.75
026501,23,12394.67
026502,7,12394.67
026503,20,17173.33
026504,73,17173.33
026505,21,24640.0
026506,2,24640.0
026549,7,7197.12
026587,2,117227.17
026641,5,2991.32
026642,20,8806.67
026643,1,4233.1
029142,8,8820.67
029150,10,8030.66
029153,6,7624.59
029164,18,11656.5
029165,11,13072.93
029166,4,14168.06
029167,5,15834.32
029170,1,23924.88
029196,12,115144.74
029198,3,453094.59
029202,5,150229.3
029206,2,196842.02
029211,1,41640.35
029213,2,46123.17
029241,4,248375.52
029253,4,46217.92
029255,2,98368.37
029265,4,262324.07
029270,4,287342.81
029298,5,61129.78
029301,4,143180.8
029303,2,140168.74
029316,1,18592.0
029375,1,62720.56
029377,51,71445.11
029394,1,19981.09
029402,6,296203.82
029404,10,500626.18
029878,81,1485.5
029895,8,14590.33
031259,1,76582.78
033627,8,7951.06
033629,15,6850.78
033771,52,5995.17
033863,1,54049.7
033864,1,26028.37
033893,7,55842.62
033895,2,182976.64
033904,7,7634.17
033905,18,6608.32
033906,2,8992.39
033951,297,4465.07
033952,5,7212.8
033953,10,6869.33
033954,438,8347.73
033955,13,13290.67
033957,33,16352.0
033958,95,23228.8
033959,4,23445.33
034027,12,4785.08
034127,15,38397.72
034136,4,35285.64
034233,4,336039.02
034235,6,569803.79
034236,2,369530.69
034238,5,289285.23
034239,2,209978.85
034243,6,322888.5
034258,17,9290.12
034259,18,10292.39
034260,18,10281.6
034261,18,9710.4
034278,2,159344.44
034279,14,95785.85
034284,4,49007.84
034285,16,147477.28
034316,4,117270.34
034336,1,153407.7
034441,6,76693.32
034445,86,9211.07
034447,10,6888.0
034456,20,12433.57
034473,2,528446.64
034481,9,8362.67
034482,6,8362.67
034483,5,12170.67
034620,22,21728.53
034621,14,10894.48
034622,14,11983.71
034642,5,273130.01
034657,4,270434.84
034678,4,34132.83
034679,1,36353.18
034682,1,22908.93
034689,4,25344.05
034728,9,36574.27
034737,2,65863.17
034857,8,17897.6
034858,8,19329.41
034868,4,35645.7
034872,20,17695.46
034883,4,34665.55
034891,55,11177.6
034893,13,20802.28
034894,12,20250.61
034895,4,28896.2
034899,1,20533.81
034912,12,163900.96
034927,20,34271.8
034937,1,92976.98
034946,4,57195.47
034995,2,159600.0
035023,31,61187.65
035027,2,42858.44
035061,2,86285.38
035118,4,274400.0
035122,910,47969.38
035125,2,325407.02
035135,5,189125.45
035164,6,54234.5
035165,8,70922.04
035168,4,11453.41
035250,6,8483.15
035259,5,11438.36
035260,32,1644.9
035261,116,2115.08
035353,1,8236.27
035367,1,278714.06
035390,1,153647.74
035391,1,152980.26
035418,6,264096.99
035423,2,201580.67
035424,2,261906.11
035449,35,7151.46
035450,102,6104.0
035451,23,7403.5
035487,30,1713.6
035488,2,7375.2
035529,8,18120.79
035662,1,5140.8
035664,9,134649.96
035686,5,109984.96
035719,2,34271.8
035721,33,19513.52
035764,2,60672.86
035779,2,11643.97
035781,1,10349.12
035782,10,6720.0
035784,18,11643.97
035785,2,7809.57
035787,6,9168.52
035788,8,9624.7
035789,8,7080.71
035790,4,8831.73
035792,3,7866.31
035794,5,7080.71
035795,1,7065.24
035798,3,7516.99
035799,1,8124.24
035802,1,11643.97
035803,1,12624.86
035804,5,10982.91
035806,3,5991.48
035807,22,8150.78
035812,4,9266.53
035818,2,10096.35
035825,1,78517.82
035840,3,54284.47
035846,2,65748.41
035848,1,71592.51
035850,1,63848.11
035854,4,85470.52
035860,3,102272.15
035861,11,109104.82
035862,4,103733.44
035864,5,113961.39
035870,2,149027.0
035875,1,173132.96
035879,4,302232.56
035880,6,246915.29
035881,3,315195.69
035882,6,255679.85
035885,2,376324.41
035902,24,1793.09
035905,1,2484.4
035910,10,3449.35
035911,1,3831.81
035916,32,729.71
035919,55,299.25
035968,2,16450.43
035969,8,17757.05
036015,10,18207.12
036074,1,3824.82
036079,3,46435.85
036123,1,35927.85
036131,2,255679.85
036133,13,7606.17
036135,8,7435.93
036136,6,6634.85
036137,16,6614.96
036138,22,7435.93
036140,10,7199.36
036141,21,8236.27
036169,41,2501.98
036170,32,2966.26
036171,27,3126.19
036172,77,2688.0
036184,1,3248.0
036238,8,54521.35
036898,1,295129.32
036937,6,6749.08
036938,18,7207.47
036939,16,8120.56
036940,32,6614.96
036941,12,6634.85
037030,62,32778.67
037031,80,34346.67
037055,91,9572.73
037191,1,147839.44
037192,12,168019.51
037203,6,105687.75
037206,4,137336.71
037220,8,351828.96
037224,8,479766.76
037265,4,260299.54
037346,4,200571.03
037347,6,187013.08
037383,17,84051.34
037393,7,1023.32
037403,2,173536.18
037420,4,24278.62
037421,8,16489.48
037430,8,158979.12
037436,29,7663.64
037437,37,6978.27
037438,13,5981.91
037439,2,227301.63
037440,6,525972.56
037453,3,8227.63
037462,8,19239.82
037463,15,8920.9
037478,4,92586.39
037487,24,184426.35
037488,4,193535.17
037489,4,280747.02
037490,1,297172.8
037491,2,358399.44
037493,85,8892.8
037496,6,65109.33
037534,2,2635.16
037535,4,2635.16
037537,1,4215.41
037538,9,4215.41
037542,11,4215.41
037570,14,29693.17
037594,21,26151.55
037615,4,38751.46
037617,5,61674.08
037628,1,8064.45
037629,4,368516.5
037634,8,13118.94
037638,1,15662.51
037639,6,30349.07
037643,4,36145.78
037644,1,79265.82
037646,1,36019.45
037653,1,115421.62
037669,14,13274.76
037682,1,151934.83
037685,1,379753.38
037727,2,168019.51
037728,36,1298.61
037794,4,182629.22
037796,14,6122.67
037800,2,50624.0
037801,5,50624.0
037803,12,7159.04
037826,300,13291.72
037900,4,40492.79
037901,4,44119.69
037905,1,21280.0
037906,2,9587.11
037907,8,10785.41
037940,1,13218.12
038012,8,93407.57
038028,463,59393.38
038039,28,1441.83
038083,43,10184.53
038084,4,10184.53
038099,12,15252.13
038100,10,14162.89
038116,1,27178.67
038132,26,7196.41
038133,16,3920.0
038144,1,7634.17
038146,20,1329.81
038161,21,4960.48
038162,4,2406.17
038163,2,5018.7
038164,35,5018.7
038166,8,4462.29
038168,122,6768.51
038178,3,7393.4
038181,60,769.6
038182,60,769.6
038187,1,135483.78
038204,2,332095.23
038231,43,7019.52
038232,12,7271.57
038237,14,4987.2
038238,1,3618.18
038239,8,4726.36
038242,28,11075.37
038245,24,8569.37
038246,2,13874.22
038251,14,5835.33
038253,4,5738.52
038254,15,4063.85
038255,11,12854.86
038256,18,9673.55
038293,25,3647.78
038299,11,904.36
038374,275,277598.09
038405,9,15740.12
038457,1,98858.67
038458,4,272896.29
038522,2,57340.64
038610,1,270486.05
038628,18,187097.3
038657,1,131493.67
038658,5,148573.24
038725,2,89600.0
038731,2,76026.72
038747,9,41697.6
038783,2,1112502.63
038866,1,137088.0
038994,6,9968.12
038995,8,8038.03
038996,12,7530.99
038997,3,11917.38
038999,10,11199.59
039000,16,8198.68
039001,10,9220.85
039003,4,7866.31
039004,7,8945.22
039005,8,11464.89
039036,3,3116.5
039117,2,49131.02
039131,2,59360.0
039161,6,10447.89
039162,8,7092.5
039163,3,8934.9
039164,10,8110.98
039171,8,7012.17
039209,8,3996.43
039298,29,18808.27
039301,11,4347.32
039302,14,4620.74
039309,1,15422.4
039357,21,512.09
039358,34,752.12
039389,9,5486.67
039395,6,17740.83
039396,20,15269.07
039398,34,7196.41
039400,35,7168.0
039452,2,103319.69
039474,1,158108.16
039484,1,43039.52
039561,2,101068.13
039579,3,261523.94
039580,4,569803.79
039583,1,43771.49
039584,1,37128.0
039589,4,200453.12
039599,2,625782.73
039606,5,6460.24
039646,10,113884.53
039711,2,368115.73
039734,3,420651.5
039754,10,268380.83
039760,1,306439.55
039798,1,436480.35
039801,1,436480.35
039806,4,128326.84
039857,4,265475.1
039879,4,22399.37
039892,10,58238.79
039914,1,428044.27
039921,1,37811.31
039949,8,268800.0
039981,16,1028.16
040008,9,7214.1
040009,7,7348.23
040011,6,11667.56
040012,4,77696.64
040101,15,125738.67
040121,1,111726.72
040169,1,50429.12
040229,14,109986.02
040230,8,86172.73
040231,18,93610.76
040254,10,80943.48
040255,4,125738.67
040274,1,38779.89
040275,8,54134.98
040276,12,55716.28
040284,1,173530.56
040392,1,0.0
040394,2,91163.52
040426,8,141434.2
040482,1,117002.93
040540,3,7190.52
040578,12,7941.48
040610,6,10180.36
040678,10,16450.43
040679,10,17757.79
040683,2,31140.77
040721,21,146188.65
040722,14,143093.42
040723,12,150212.45
040724,12,172620.25
040747,2,101432.02
040786,1,78825.6
040817,148,930.24
040818,171,930.24
040856,32,737032.99
040940,90,5495.62
040957,6,806.21
040958,20,744.18
040965,1,129160.66
040968,14,18308.53
040984,10,4669.38
040997,4,667501.58
041011,20,4229.48
041096,3,137408.3
041099,2,126810.81
041110,3,6629.69
041112,9,7937.06
041113,9,6816.88
041115,2,7810.3
041116,20,6762.35
041121,3,243255.76
041158,20,69531.41
041182,210,1984.51
041188,10,2800.0
041267,10,71261.93
041292,2,192967.71
041328,1,118805.32
041366,300,5879.89
041430,18,3908.83
041431,13,3819.66
041432,5,3465.19
041458,2,107090.82
041460,2,147095.11
041492,16,555195.13
041507,1,102415.33
041616,6,213639.44
042037,18,11425.83
042041,4,123824.02
042043,2,120699.31
042147,55,2455.84
042170,143,1488.39
042206,5,19609.77
042214,2,2287.52
042215,4,4961.95
042288,1,5991.48
042289,4,7844.2
042291,5,7844.2
042297,2,8170.68
042299,9,11983.71
042300,7,9804.51
042302,9,8715.29
042303,1,7844.2
042327,12,6318.69
042333,1,36736.0
042378,6,248375.52
042379,6,257143.24
042380,2,104463.03
042384,4,252781.49
042385,6,236863.16
042488,1,4226.88
042524,3,174855.34
042525,6,326519.6
042526,11,107136.09
042528,8,86201.16
042530,4,72321.04
042532,8,74454.02
042533,6,115421.62
042534,2,158767.5
042557,5,373174.44
042558,3,328844.19
042564,4,197133.64
042581,14,501134.91
042594,8,233765.82
042598,5,243182.06
042599,2,347944.08
042601,10,167661.56
042602,8,155151.14
042619,18,284901.37
042620,190,2519.61
042624,4,4269.48
042625,569,3358.88
042628,199,8614.97
042629,1,10027.2
042631,2,144470.48
042632,6,154636.32
042633,2,170386.2
042637,34,7228.36
042679,10,10843.84
042708,8,197239.97
042733,10,13215.9
042744,2,160204.58
042785,11,3187.71
042852,106,0.0
042913,4,225134.96
042918,6,6362.62
042924,12,4765.57
042929,7,5302.45
042933,4,2279.57
042960,4,11425.83
042966,2,2279.57
042967,16,2726.84
042971,24,3376.54
042972,6,3310.93
042973,10,2337.17
042974,12,3187.71
042976,8,2337.17
042977,8,5063.21
042979,8,3246.12
042981,12,3246.12
042982,14,3116.5
042994,7,4986.4
043003,3,6542.65
043004,25,572.1
043012,16,4651.15
043025,9,2577.21
043039,14,3073.29
043056,4,2279.57
043057,8,2726.84
043058,2,2568.41
043060,8,3190.11
043061,4,3310.93
043064,6,2337.17
043065,4,2337.17
043066,4,5063.21
043067,4,3246.12
043068,6,3116.5
043069,4,4544.72
043070,4,5131.22
043073,2,4986.4
043076,1,5598.5
043085,4,2206.76
043086,8,2279.57
043133,164,5175.23
043139,10,5801.72
043394,1,16605.86
043395,26,44371.31
043695,8,4248.57
043696,5,4248.57
043697,6,7488.99
043698,3,3159.35
043980,300,1590.66
0663350,26,943.31
07602020,1,11228.11
0763155,21,3722.7
1009019K760,3,6406.39
1009019K771,6,5320.0
10442085,1,2363.44
10911071,8,2338.37
109V2085,15,3233.78
11010018K770,4,6805.83
11072071,9,2991.32
1109019K760,5,6634.85
1109019K770,14,6920.79
1109019K771,11,6577.37
1109019K772,10,6978.27
110T2085,3,3233.78
115B1002,13,9139.78
1209019K770,14,7606.17
1209019K771,12,7377.71
1209019K772,5,7435.93
133171,4,3799.77
133294,5,4017.91
136875,19,3436.55
150628,8,14828.69
154169,6,1627.46
156781,40,1799.49
15710500,6,20188.49
15711300,1,10022.66
15711686,4,11173.37
15711688,2,8957.22
15711708,1,13116.84
15711709,10,15953.08
15711715,2,21919.3
15711753,7,18644.04
15711810,301,30783.87
15711828,2,12170.37
15711870,4,26803.24
15712395,4,17898.65
15712410,1,35795.2
15712482,8,44606.08
15712495,44,58148.25
15712565,8,92736.94
15712595,7,104807.29
15712855,1,157499.93
15721130,9,18824.06
15722080,6,25667.26
15722090,2,21325.52
15722100,1,26298.94
15722170,1,44051.26
15722180,1,45961.04
15722190,4,63850.21
15722223,1,151773.75
15722334,2,40982.35
15722440,86,41372.8
15722465,8,86862.32
15722535,1,51232.41
15722560,5,206181.4
15722600,1,85158.89
15722680,2,30067.97
15722710,2,67174.96
15722760,8,61078.19
15726290,4,75973.21
15726295,8,83278.59
15726310,3,121266.77
15726460,7,182629.22
15727043,2,55983.69
15727180,1,212762.46
15731080,4,71201.92
15731111,23,35541.48
15731116,16,38528.27
15731120,3,45613.61
15731230,10,76204.3
15731240,1,65526.27
15771090,38,7616.0
15772052,18,11726.4
15772095,25,13274.76
15772110,4,18995.67
15772150,2,34665.55
15772242,4,52305.21
15772310,4,47337.05
15772445,83,44777.6
15772515,2,32704.18
15772520,47,20448.96
15772540,11,52864.25
15772555,8,58554.63
15772560,63,40219.2
15772570,14,68782.58
15772575,2,85119.93
15772654,1,78817.87
157U2036,6,7550.89
16510000,7,4462.29
16872053,7,6406.39
169972,32,685.44
17081001,22,6462.4
20401006,15,1803.45
22532006,63,1840.29
2391020BKT,4,20102.16
259482,10,6177.93
259543,5,6503.67
259598,5,9637.96
259628,2,8820.67
259635,10,11650.6
263243,5,743.32
263274,1,871.34
263298,22,612.1
263304,28,807.33
263328,63,667.31
263335,4,794.53
263359,104,732.12
263366,3,696.91
263373,23,807.33
263380,5,553.68
263403,17,843.34
263434,36,788.93
263441,60,928.14
263458,6,740.91
263472,1,796.92
263489,7,726.52
263496,21,758.52
263540,16,767.32
265391,7,4223.83
265582,9,8562.42
265605,17,14283.34
265636,12,11154.63
265650,10,9774.3
265698,2,11726.4
265711,4,14168.06
269146,15,8279.01
269160,8,7353.38
269382,1,1793.09
270142,2,1300.21
270166,131,1036.96
270227,2,4786.36
270593,16,63276.44
270623,4,5011.33
270685,4,13767.47
270777,4,6830.57
270807,100,4968.16
271033,3,11423.62
271095,12,8970.28
271118,1,8878.16
271217,2,9352.0
271828,2,12501.05
271835,4,13048.62
272351,21,1792.0
272368,15,6561.15
272566,564,8245.53
272573,7,14073.83
272580,26,13026.29
272597,735,14926.6
272627,42,18908.29
272641,14,29007.8
272665,8,26281.05
272672,4,27332.79
272689,2,27722.33
272696,90,33714.87
272702,24,35243.53
272719,50,43432.21
272726,4,29844.77
273068,9,1237.8
277523,6,3413.18
278179,10,19219.92
278506,2,4580.73
278513,14,5665.12
278520,3,9660.49
279794,1,11455.52
279930,2,952.95
28593002,10,14562.33
28625002,1,15518.27
28690505,34,13377.34
289960,17,7976.47
290096,2,50633.36
290102,2,62919.54
290348,2,83278.59
290355,3,99350.63
290379,3,65748.41
290423,3,95482.64
290430,1,98464.17
290478,1,213268.85
290485,108,187744.77
290492,15,62093.09
290508,36,144643.14
290621,4,35738.35
290690,2,25772.54
290959,5,295130.37
290980,31,99746.48
291031,7,92194.75
291215,3,27656.0
291239,4,4860.78
291253,1,17990.25
291291,13,7053.76
291307,1,7850.73
291376,4,13822.21
291482,1,38717.77
291499,4,45817.86
291574,6,12747.3
291604,1,50113.28
291673,1,79573.78
291734,2,114545.69
291765,7,130034.49
291796,4,221199.6
291802,1,260520.62
291918,1,103518.67
291925,1,250788.54
291970,13,84448.25
292021,112,62720.0
292076,3,77503.98
292083,2,46656.94
292120,2,57492.36
294445,10,4594.42
299686,6,6900.15
309064,5,15102.42
314235,8,10342.71
314587,44,1965.58
316871,6,5253.79
316901,33,8409.45
317403,24,6770.46
317410,13,7149.25
320267,14,33646.44
325101,168,1170.71
325125,86,1696.06
325347,14,3003.64
325446,2,1624.47
325781,22,3587.94
326207,6,6414.71
326313,41,10604.85
327600,42,2420.39
330167,3,2664.64
3306013SG,4,404.87
3306015SB,100,429.67
3306015SG,108,655.3
3308016SG,65,804.13
3308018SB,764,954.55
3308020SB,78,797.73
3308022SB,50,1350.62
3308025SB,48,1470.64
330891,47,1003.32
3309025SB,78,1345.81
3310012SC,215,1478.64
3310021SB,36,1190.59
3310030SB,231,489.68
3310030SG,83,489.68
3312023SB,479,1036.96
3312027SB,55,1337.82
3312515SB,71,842.53
3312525SG,22,486.48
3316807SB,26,1207.39
3318708SP,378,661.71
3318708SV,273,735.31
3320014SC,100,797.73
3320109SB,18,1561.04
3320810SB,345,871.34
3321809SP,290,820.13
3323112SX,16,1816.29
3323910SP,72,972.16
3325010SG,28,487.28
3325015SX,51,1473.04
3325812SB,131,1183.39
3326112SB,141,1485.04
3327112SP,7,1816.29
3327112SX,15,1681.06
3327514SG,14,765.72
3330004SB,361,384.87
3330004SH,199,429.67
3330004SL,54,1116.98
3335006SB,3,284.46
3335006SG,56,384.06
3335408SG,81,577.7
3340004SB,146,406.47
3340004SG,33,406.47
3340008SB,1,300.16
3340012SB,85,564.89
3345015SC,83,797.73
3350008SB,10,641.7
3350008SP,317,459.2
3350012SB,18,1218.59
335780,8,24766.07
3360009SB,147,633.7
3360009SC,120,636.1
3360009SP,132,736.12
3360012SB,35,852.94
336237,6,2666.32
3365010SP,4,859.34
3367015SC,49,1035.36
3370012SB,28,1036.96
3370012SP,241,956.95
3370015SQ,24,1235.39
337258,19,1675.0
3375010SM,20,1484.24
3375010SV,50,1750.68
3381515SR,44,994.56
3409354B2,363,1357.06
3410165ES,183,22191.97
3411404A3,6,1460.23
3411404B8,43,1523.4
3411405B8,21,1609.73
3412165ES,49,26093.65
3412165FE,159,32629.43
3413506B8,74,1885.56
3414556A2,1,4161.72
3415606B8,12,2526.72
3416658B8,4,3258.42
3416758B8,38,4249.1
3416807AC,18,2976.58
3416807AM,32,3454.14
3418108CX,14,6536.84
3418109CX,9,7749.87
3418707AM,22,4642.85
3418758B8,36,5626.16
3418858C8,5,5081.87
3418958AC,14,4524.2
3418958AM,24,5655.43
3418958B8,36,5549.31
3419708AC,11,4032.0
3419708AM,3,5084.28
3419708X1,8,6301.01
3420108AC,16,6220.68
3420110BM,9,8170.68
3420110CX,4,8763.93
3420118BM,5,7953.28
3420119BM,22,8062.34
3420119CX,6,8642.33
3420119X2,8,9616.59
3420708AC,14,5089.45
3420810B2,2,5462.98
3421070BM,15,6503.67
3421710X1,5,7634.17
3422108AC,7,7068.92
3422109AM,6,8483.15
3422110BM,4,8388.08
3422118BX,23,7353.38
3423112B8,3,8792.99
3423812CS,36,13118.94
3423812E8,18,9866.84
3423912B8,4,10389.03
3424814EL,20,10814.36
3425112BM,23,10010.86
3425121BM,2,12528.32
3425129AC,8,10567.27
3425812BM,18,8732.98
3426112BM,19,12381.67
3426912BM,23,10537.05
3427112BM,8,11845.89
3430004B5,8,1860.3
3435006B5,39,2476.19
3435008BQ,2,1507.08
3440004B2,23,1507.61
3440004BVSDEL,2,939.1
3440008B2,6,4795.5
3440008BASD,1,2016.11
3440008DEL,81,2209.83
3441356BN,16,2205.62
3450012BT,17,8014.97
350264,4,16949.03
350547,2,18992.51
3513506BLS,54,1843.45
3515606CLS,26,3651.11
3516608A2,10,5166.09
3518858BLS,67,8149.72
3520050ALY,160,727.48
3540008B5,3,2121.39
3540008B5S,39,2612.0
3541354BVS,256,1023.32
3550008CA,27,1680.0
3550008CAS,41,5494.56
3550010BTS,3,6110.45
355139,24,5583.0
355153,2,8589.8
355788,4,20761.22
355900,44,16568.25
3560009EA12S,1,5680.91
358840,4,1443.43
359113,8,1085.28
370309,6,17181.7
370354,6,9733.14
371078,1,416393.98
371085,5,79627.48
371276,8,12201.85
371283,12,14706.78
371313,8,13072.93
371320,7,15252.13
373966,4,2770.04
374307,10,69939.61
375281,15,45832.6
375885,8,21367.63
375908,13,23136.33
376516,10,51261.88
376783,10,78033.54
376950,4,59975.91
376974,13,61748.83
377056,2,11050.67
377124,73,13888.0
377483,2,22698.67
377490,29,17621.33
377513,12,38229.33
379111,11,9557.33
379128,2,350648.73
380209,49,22412.01
381107,4,3483.72
381206,25,295812.59
381213,5,6864.26
381237,15,12799.52
381244,14,14286.71
381268,5,2158.55
381381,22,11050.67
381398,90,13888.0
381411,14,27477.33
381428,10,11648.0
382470,4,54468.71
382838,16,27477.33
382852,1,23729.07
383002,2,9842.63
384276,137,128800.0
384443,1,10519.58
384894,22,72321.04
385075,44,27548.62
385181,28,15530.67
385303,8,3774.29
385440,1,15340.35
387321,1,38229.33
387369,6,12418.83
387888,1,15340.35
388205,2,27116.97
388212,2,40806.53
388472,2,9066.71
388489,7,21478.17
388496,1,21834.02
389578,2,4005.9
389585,12,5773.56
389592,7,7879.16
389639,16,11033.34
390604,31,6570.67
3910015E8,17,13880.12
3910455AG,30,2166.66
3910910B3,1,2880.04
3911012B7,12,3653.84
3911012C7,7,4196.25
3911715AG,60,2543.99
3911715BG,895,2499.77
3912010B7,12,4017.91
3912012B5,3,3872.72
3912012B7,12,4093.07
3913012B5,2,4093.07
3913012B7,6,4311.22
3913012C7,1,4311.22
3913013C3,5,4017.91
3914012B7,2,4677.49
3914013B7,7,4112.64
3930010B3,45,2046.54
393438,4,306352.17
3935010B5,19,2557.25
394039,2,8945.07
3941355BG,20,1679.53
394411,2,130034.49
395241,7,77532.4
395265,10,10738.56
396347,10,14882.17
396354,5,13097.26
396576,14,11855.48
396606,11,14404.62
39TR413,249,58.41
404431,1,47631.83
415628,18,9448.32
423791,10,61801.47
426754,1,102052.12
430089,3,26286.31
435909,18,20091.64
438290,3,15417.2
438306,2,17079.05
438351,6,15477.64
439327,16,19667.36
4408016SB,442,679.31
4409540SN,10,3817.41
4410015SC,2,1700.27
4410165SC,179,994.56
4411515SN,131,1771.48
4412165SC,62,1877.9
4412446SN,8,6696.27
4412520SN,13,2212.36
4413024SJ,15,5192.03
4413516SC,162,1532.25
4413624SN,196,3436.55
4414024SV,60,3873.42
4414924SN,6,4049.45
4414930SN,14,5342.46
4414946SN,43,7082.73
4415027SB,55,1464.23
4415311SC,1,2164.34
4415311SN,18,1902.7
4416013SC,112,1827.49
4416020SC,4,3498.16
4416020SN,96,3313.33
4416040SC,23,706.52
4416055SC,8,1049.76
4417150SN,43,2964.47
4418020SN,5,5420.07
4418105SC,4,1574.65
4418105SN,65,1700.27
4418125SB,5,1778.56
4418438SN,8,6197.79
4420016SV,48,4073.45
4420020SV,5,8088.49
4420112SV,16,2319.58
4420145SN,9,3672.59
4420834SN,26,12153.95
4422083SN,9,2315.57
4423130SN,75,9940.8
4424014SJ,75,4663.14
4424015SN,79,3359.74
4424083SN,36,1962.71
4425016SJ,153,6696.27
4425018SJ,61,7240.36
4425235SN,329,9216.67
4426169SN,53,4786.36
4426529SJ,18,14803.97
4426550SN,52,10290.45
4428083SN,17,3493.36
4428112SN,36,3264.52
4428136SN,31,4312.69
4428169SN,4,5031.21
4429525SJ,54,15794.53
4429535SJ,5,20775.33
4430019SG,8,928.14
4430169SN,32,5408.86
4432024SN,39,11413.83
4432083SN,40,2761.24
4432112SN,2,3493.36
4434169SN,2,6504.24
4435015SN,131,2822.85
4436112SN,3,3867.82
4438083SN,8,4096.66
4438112SN,40,3866.22
4440017SC,19,3219.72
4440022SN,1,6316.8
444086,3,260690.12
4442083SN,84,4125.46
4442184SN,25,10922.54
4444083SN,55,4053.45
4450017SC,50,3668.58
4460016SN,3,980.95
4460020SC,8,1259.41
4460034SN,7,11793.89
4470016SC,4,1336.22
4470016SN,4,1313.01
4470016SQ,164,1276.21
4475020SC,12,1533.04
4475020SR,14,1913.9
4480019SC,13,1951.51
4480026SN,30,15652.91
448190,27,403245.56
448213,14,2863.62
448428,6,41648.77
448763,136,21915.08
448770,35,27030.64
448930,14,20906.67
448954,11,18357.67
448961,12,22101.33
448992,11,6866.36
4490016SN,85,1841.09
450438,9,76849.14
450483,12,24628.8
456720,18,145373.78
457628,1,481340.16
458946,2,8018.12
459035,17,59047.34
46018K270,11,5800.61
460789,14,171819.07
462042,3,105194.72
468945,4,5833.56
469508,24,206005.59
480169,11,105194.72
482224,2,125261.09
482798,2,179192.88
483412,3,7874.94
484006,13,1755.48
484013,1,44779.8
485812,4,32330.44
490786,48,14508.64
493121,1,81818.35
497808,16,12975.66
500782,3,69968.04
507774,5,233765.82
507804,3,4295.42
511641,8,23623.78
514109,1,555195.13
514130,1,175323.84
519715,2,16073.1
522517,32,250544.0
527260,1,108845.83
531366,7,66648.56
534602,5,357954.11
542500660,6,761.17
549514,1,89121.63
551500,1,135876.47
553672,4,47666.57
558929,2,16036.25
559711,102,4295.42
561455,4,57272.32
561615,12,2526.72
566573,1,97678.78
574813,2,132953.9
582399,15,204544.3
582405,4,255679.85
582412,1,234833.36
582481,3,290745.46
582498,33,284901.37
582504,8,277529.66
582511,13,499672.57
582535,3,435386.49
584454,1,4230.89
584461,23,4505.77
588063,4,204544.3
588339,2,192857.17
588759,4,30216.41
589633,3,26669.53
590806,3,156223.94
590813,9,80651.85
592251,47,4056.65
594842,12,120379.26
595238,1,124189.34
601588,6,101643.63
601595,14,64507.16
602349,1,367125.86
604138,2,131861.09
604145,7,18428.21
604251,2,328072.48
604275,6,44650.67
604879,4,116480.74
605012,4,114544.64
605043,11,22698.67
605050,150,6570.67
605067,6,31360.0
605081,9,67200.0
605166,3,139656.03
605203,17,93676.8
605371,11,146869.81
605388,6,148646.94
605623,5,34271.8
608198,3,321428.26
608204,1,198831.81
608259,5,112501.16
608266,1,42073.05
608273,2,247559.6
608297,1,255679.85
608327,2,156755.6
608341,6,137337.76
608365,2,157499.93
608440,3,99658.05
608464,1,355237.88
640107010811,2,17056.41
7510165EE,123,18995.67
7512165FE,66,26641.1
7527815CS,48,15224.54
8010021K770F,19,6026.13
8010021K771F,11,5732.07
8010021K772F,17,5588.36
8551152514,19,1064.97
85515070SV,9,1235.39
8551556513,231,646.51
8551556514,150,707.31
85517521SV,5,1397.83
8551758513,96,639.31
8551758514,81,601.7
8551759515,33,859.34
8551856113,70,723.32
8551950514,66,893.74
8551950515,103,1014.56
8551950616,8,1006.57
8551OR14E,77,1240.99
8551OR15C,37,1160.19
8551OR15K,89,1766.69
8551OR16B,47,845.73
8551OR16C,71,1006.57
8551OR16I,9,1376.22
85520070SV,31,1838.69
8552070016,270,1276.21
8552082515,2,1657.06
8552082516,16,1532.25
8552082520,279,1595.45
8552100015,1,1858.7
8552100020,4,2153.94
8552110020,203,2172.35
8552110025,8,3288.52
8552120020,15,2681.22
8552160020,667,3358.88
8553354514,4,848.94
8553556515,28,860.14
855418020F,1,1412.23
855428020F,1,2565.21
855444025F,15,5596.09
9010016,8,4879.41
909021K777F,12,6847.1
910002,92,3148.92
AM0001,4,7616.0
AM0005,4,23418.08
AM0032,37,223.25
AM0076,5,19386.53
AM0077,2,16461.98
AM0083,4,12880.0
AM0120,139,2939.55
AM0128,9,354.14
AM0130,95,1151.01
AM0132,240,477.52
AM0162,50,3696.15
AM0163,17,458.92
AM0170,31,467.6
AM0180,76,434.11
AM0182,11,489.93
AM0255,60,1283.73
AM0306,40,831.04
AM0307,6,16217.6
FG341592177321222,3,253650.6
FG431593591001232,6,157533.62
FG431639550001232,2,51135.55
FG431639561001232,2,76704.9
R00018,1,5712.0
R00022,2,12525.37
R00081,1,6749.08
R00083,43,4844.03
R00103,9,2193.93
R00108,12,2991.32
R00132,3,9696.19
R00167,12,5485.93
R00296,5,64018.66
R00300,55,9267.8
R00415,1,74651.94
R00485,8,78895.78
R00584,1,7320.22
R01258,15,262752.0
R01308,47,4315.73
R01309,41,11797.33
