Article,Found_in_Rows
HF112,1,[889]
25-1217,1,[1172]
LMP294 ORR,1,[2552]
P40FORK455148,1,[2763]
LMP294 OR,1,[4630]
LMP204 ST,1,[4906]
HFF1015,1,[4917]
4730,1,[4977]
JTF327.13,1,[5009]
LMP204 OR,1,[5106]
JTR301.48,1,[5241]
520M-108,1,[5295]
520MX-108,1,[5300]
520ORM-108,1,[5304]
520ORMX-108,1,[5308]
43021901,1,[5733]
LMP204 ORR,1,[6708]
CH25-1069,1,[10712]
CH25-1069RL,1,[10713]
CH25-1206RL,1,[10732]
CH22-1021,1,[12808]
WG-7204-F4,1,[13039]
WG-7204-F4R,1,[13041]
WG-7204-F6,1,[13042]
WG-7294-F4,1,[13244]
WG-7294-F4R,1,[13246]
